Split,F1 Score,L1 Loss
Train,0.6907418828005568,15.90683364868164
Valid,0.9124317244586598,15.88537311553955
Test,0.912551894289849,15.885370254516602
