Split,F1 Score,L1 Loss
Train,0.7405790140168552,16.047439575195312
Valid,0.6395236738232816,16.03329086303711
Test,0.6403741533689554,16.03327178955078
